區域別,年齡別,性別,識字者合計人數,識字者研究所博士畢業人數,識字者研究所博士肄業人數,識字者研究所碩士畢業人數,識字者研究所碩士肄業人數,識字者大學畢業人數,識字者大學肄業人數,識字者專科二或三年制畢業人數,識字者專科二或三年制肄業人數,識字者專科五年制後二年畢業人數,識字者專科五年制後二年肄業人數,識字者高級中等普通教育高中畢業人數,識字者高級中等普通教育高中肄業人數,識字者高級中等職業教育高職畢業人數,識字者高級中等職業教育高職肄業人數,識字者高級中等職業教育高職五專前三年肄業人數,識字者國中畢業人數,識字者國中肄業人數,識字者初職畢業人數,識字者初職肄業人數,識字者國小畢業人數,識字者國小肄業人數,識字者自修人數,不識字者人數,年份
桃園區,15 ~ 19 歲,1,15258,0,0,0,0,0,3572,0,104,0,4,119,4441,466,4751,222,424,848,0,0,27,280,0,0,106
桃園區,15 ~ 19 歲,2,14198,0,0,0,0,0,3474,0,61,0,11,136,4305,270,3676,706,392,866,0,0,27,273,1,0,106
桃園區,20 ~ 24 歲,1,16111,0,3,174,921,3479,7820,256,204,96,9,294,202,1472,784,86,249,43,0,0,5,9,5,0,106
桃園區,20 ~ 24 歲,2,14957,0,1,90,590,4344,6907,114,127,527,8,271,167,984,393,164,203,48,0,0,5,13,1,0,106
桃園區,25 ~ 29 歲,1,14951,6,96,1829,634,7042,1636,278,141,42,4,455,152,1508,726,36,294,56,0,0,7,9,0,2,106
桃園區,25 ~ 29 歲,2,14373,2,32,1086,479,8717,985,217,100,277,7,510,145,1104,419,34,193,56,0,0,3,6,1,0,106
桃園區,30 ~ 34 歲,1,15455,86,92,2381,408,6443,912,534,329,176,10,472,199,2055,781,45,441,77,0,0,9,4,1,2,106
桃園區,30 ~ 34 歲,2,16122,25,38,1632,348,8083,597,754,210,396,17,607,179,1941,540,49,496,98,0,0,82,26,4,3,106
桃園區,35 ~ 39 歲,1,18722,182,96,2328,438,5822,590,1698,344,662,133,589,235,3801,583,20,1020,137,0,0,17,24,3,2,106
桃園區,35 ~ 39 歲,2,21018,62,56,1622,345,7234,530,2818,337,878,118,994,173,4025,417,12,1020,116,0,0,170,72,19,4,106
桃園區,40 ~ 44 歲,1,18011,154,87,2214,368,4402,226,2187,176,1367,75,1049,224,3634,384,17,1234,144,0,0,35,30,4,2,106
桃園區,40 ~ 44 歲,2,20433,60,42,1539,278,5061,257,3360,183,1425,39,1479,162,4629,292,10,1235,160,0,0,129,73,20,10,106
桃園區,45 ~ 49 歲,1,17329,147,81,1757,279,3277,167,2013,118,1723,87,1356,218,4015,343,8,1474,173,0,0,58,28,7,5,106
桃園區,45 ~ 49 歲,2,19636,65,50,1165,189,3641,229,2535,144,1653,43,1881,211,5437,277,6,1669,181,0,0,168,62,30,7,106
桃園區,50 ~ 54 歲,1,16147,140,54,1310,181,2578,125,1457,95,1897,84,1484,206,3670,311,12,2110,225,0,0,157,39,12,7,106
桃園區,50 ~ 54 歲,2,18171,45,23,660,133,2524,205,1493,125,1501,56,1925,250,5560,314,2,2509,208,0,0,567,59,12,13,106
桃園區,55 ~ 59 歲,1,13960,112,31,761,90,2119,128,999,66,1683,90,1342,193,2796,252,7,2596,173,1,1,478,37,5,7,106
桃園區,55 ~ 59 歲,2,15899,25,6,318,55,1682,155,777,88,1030,37,1501,198,4345,300,1,3293,246,2,0,1710,110,20,30,106
桃園區,60 ~ 64 歲,1,11536,88,11,426,38,1694,89,750,52,1257,58,1272,130,2057,170,2,1739,206,16,8,1401,61,11,9,106
桃園區,60 ~ 64 歲,2,13603,9,3,146,26,1146,83,483,51,682,38,1174,122,3000,190,1,2395,273,31,13,3502,205,30,85,106
桃園區,65 歲以上,1,20250,95,9,442,36,2743,121,974,47,1131,36,1975,197,2546,168,1,2557,486,118,27,5976,415,150,239,106
桃園區,65 歲以上,2,23027,11,0,91,7,1160,60,616,31,488,17,1501,140,2047,143,2,3269,361,99,27,11556,1067,334,2020,106
桃園區,15 ~ 19 歲,1,14821,0,0,0,0,0,3879,0,92,0,2,170,4212,452,4399,198,367,826,0,0,21,203,0,1,107
桃園區,15 ~ 19 歲,2,13896,0,0,0,0,0,3696,0,55,0,9,176,4201,313,3452,676,340,786,0,0,10,182,0,0,107
桃園區,20 ~ 24 歲,1,15945,0,10,167,919,3642,7541,256,203,96,4,285,188,1504,741,85,239,39,0,0,9,13,4,0,107
桃園區,20 ~ 24 歲,2,14723,0,3,100,554,4487,6689,124,121,507,9,267,148,949,363,144,191,51,0,0,3,13,0,0,107
桃園區,25 ~ 29 歲,1,15112,11,79,1840,641,7266,1777,282,107,46,7,407,152,1422,716,33,266,50,0,0,6,3,1,1,107
桃園區,25 ~ 29 歲,2,14539,3,23,1077,521,8912,1060,190,91,328,8,448,153,1064,386,42,166,53,0,0,8,6,0,0,107
桃園區,30 ~ 34 歲,1,15333,79,109,2481,432,6684,987,431,277,126,5,478,172,1816,743,45,376,80,0,0,5,7,0,0,107
桃園區,30 ~ 34 歲,2,15880,21,45,1681,400,8458,638,555,179,326,9,593,160,1681,503,50,417,87,0,0,55,17,5,1,107
桃園區,35 ~ 39 歲,1,18974,184,109,2503,458,6269,686,1494,394,543,114,515,253,3745,637,27,885,124,0,0,17,16,1,5,107
桃園區,35 ~ 39 歲,2,21162,68,58,1774,352,7911,569,2493,356,785,108,902,191,3716,498,16,980,113,0,0,183,73,16,5,107
桃園區,40 ~ 44 歲,1,18336,177,89,2288,373,4693,283,2214,209,1262,83,973,215,3592,415,14,1237,149,0,0,34,32,4,3,107
桃園區,40 ~ 44 歲,2,21050,76,49,1635,317,5534,296,3478,211,1299,60,1435,165,4568,300,10,1229,158,0,0,131,76,23,8,107
桃園區,45 ~ 49 歲,1,17428,127,86,1903,307,3519,175,2108,130,1640,77,1286,225,3855,359,10,1377,170,0,0,46,24,4,5,107
桃園區,45 ~ 49 歲,2,19567,69,52,1293,216,3825,213,2656,145,1634,37,1802,188,5225,284,4,1517,176,0,0,146,64,21,7,107
桃園區,50 ~ 54 歲,1,16139,150,59,1403,216,2572,125,1552,102,1870,92,1453,196,3763,307,8,1889,210,0,0,126,33,13,5,107
桃園區,50 ~ 54 歲,2,18282,51,31,785,154,2709,222,1630,132,1500,54,1880,254,5605,314,2,2271,194,0,0,431,49,14,12,107
桃園區,55 ~ 59 歲,1,14432,131,42,855,101,2269,137,1060,75,1705,78,1390,215,2935,261,9,2576,191,0,0,358,39,5,8,107
桃園區,55 ~ 59 歲,2,16375,30,12,388,74,1828,170,945,113,1156,37,1629,199,4508,307,3,3207,239,1,0,1417,91,21,20,107
桃園區,60 ~ 64 歲,1,12036,96,11,479,50,1773,94,805,58,1383,73,1295,138,2227,188,4,1960,180,10,5,1157,42,8,7,107
桃園區,60 ~ 64 歲,2,14170,10,3,172,28,1256,98,539,64,736,40,1239,135,3327,213,1,2721,274,23,10,3062,188,31,74,107
桃園區,65 歲以上,1,21891,111,13,506,46,3030,135,1105,58,1337,37,2146,210,2881,188,2,2733,519,123,31,6146,395,139,217,107
桃園區,65 歲以上,2,25391,15,1,111,12,1353,80,687,46,599,20,1690,158,2560,176,2,3606,430,113,30,12271,1090,341,1909,107
桃園區,15～19歲,1,14119,0,0,0,0,0,3830,0,91,0,6,201,3993,483,3935,164,325,821,0,0,8,262,0,2,108
桃園區,15～19歲,2,13361,0,0,0,0,0,3748,0,43,0,14,173,4043,314,3092,629,312,758,0,0,5,230,0,0,108
桃園區,20～24歲,1,15793,0,9,129,958,3721,7367,220,183,93,5,279,181,1516,796,69,208,37,0,0,8,11,3,0,108
桃園區,20～24歲,2,14663,0,2,97,546,4698,6501,111,124,481,12,270,136,958,335,156,170,56,0,0,3,7,0,0,108
桃園區,25～29歲,1,15483,14,80,1839,667,7594,1921,294,119,51,6,357,150,1402,665,40,237,38,0,0,5,2,2,1,108
桃園區,25～29歲,2,14994,3,27,1130,548,9222,1166,169,86,358,6,411,146,1088,372,47,159,44,0,0,5,7,0,0,108
桃園區,30～34歲,1,15085,75,107,2435,460,6840,1051,364,215,84,8,482,153,1616,749,37,323,77,0,0,4,5,0,0,108
桃園區,30～34歲,2,15418,18,44,1703,456,8537,654,434,158,271,8,569,142,1411,485,40,344,88,0,0,41,13,2,1,108
桃園區,35～39歲,1,18707,187,123,2646,485,6525,739,1249,424,464,88,481,248,3473,671,34,729,110,0,0,18,12,1,3,108
桃園區,35～39歲,2,20646,63,56,1861,396,8435,583,1965,352,676,89,827,204,3317,540,30,889,107,0,0,186,56,14,6,108
桃園區,40～44歲,1,18917,193,90,2409,434,5100,339,2203,260,1092,90,880,218,3685,477,16,1232,143,0,0,28,23,5,3,108
桃園區,40～44歲,2,21658,82,59,1736,328,6097,319,3566,252,1200,68,1349,170,4528,315,13,1189,149,0,0,135,81,22,5,108
桃園區,45～49歲,1,17356,128,89,2005,320,3706,196,2127,139,1602,75,1210,221,3640,341,12,1307,164,0,0,42,29,3,5,108
桃園區,45～49歲,2,19563,74,48,1383,250,4069,229,2813,155,1591,37,1732,183,4946,268,4,1394,168,0,0,131,66,22,8,108
桃園區,50～54歲,1,16393,154,72,1469,237,2709,130,1660,105,1819,91,1480,208,3896,302,8,1710,190,0,0,115,27,11,3,108
桃園區,50～54歲,2,18521,62,46,920,167,2909,210,1812,143,1522,45,1898,247,5567,322,2,2071,199,0,0,317,47,15,12,108
桃園區,55～59歲,1,14819,142,49,996,113,2366,132,1174,95,1780,82,1403,213,3031,269,8,2449,210,0,0,271,32,4,9,108
桃園區,55～59歲,2,17007,32,12,475,97,2014,181,1096,141,1261,46,1735,228,4797,302,2,3109,230,0,0,1156,75,18,16,108
桃園區,60～64歲,1,12544,103,16,564,68,1857,106,821,68,1435,78,1303,158,2408,227,6,2189,167,7,2,911,41,9,6,108
桃園區,60～64歲,2,14649,17,6,208,36,1372,110,605,95,786,33,1290,152,3577,240,2,2980,269,11,5,2677,154,24,60,108
桃園區,65歲以上,1,23617,132,15,585,57,3328,147,1220,75,1571,47,2338,224,3210,211,3,2946,553,124,35,6287,376,133,193,108
桃園區,65歲以上,2,27910,17,1,138,19,1565,101,771,64,722,31,1909,180,3185,223,2,3992,502,131,34,12863,1115,345,1810,108
桃園區,15～19歲,1,13052,0,0,0,0,0,3373,0,62,0,4,180,4014,436,3661,141,126,887,0,0,14,154,0,0,109
桃園區,15～19歲,2,12419,0,0,0,0,0,3312,0,33,0,11,181,3995,265,2967,583,127,798,0,0,7,140,0,1,109
桃園區,20～24歲,1,15950,0,5,150,942,3593,7744,204,175,101,7,244,188,1469,796,69,185,51,0,0,3,21,3,0,109
桃園區,20～24歲,2,14835,0,2,81,587,4548,6855,117,103,465,9,257,145,935,345,146,162,61,0,0,4,13,0,0,109
桃園區,25～29歲,1,15720,13,70,1813,692,7839,1999,295,128,61,6,307,144,1379,656,45,228,32,0,0,7,4,2,0,109
桃園區,25～29歲,2,15101,2,30,1138,565,9414,1203,137,92,347,5,359,138,1045,374,51,153,34,0,0,6,8,0,0,109
桃園區,30～34歲,1,15244,65,106,2462,453,7116,1153,307,190,54,5,497,151,1544,734,28,302,65,0,0,5,7,0,2,109
桃園區,30～34歲,2,15503,21,41,1698,458,8906,724,362,127,267,9,530,136,1327,442,46,298,81,0,0,22,5,3,1,109
桃園區,35～39歲,1,18296,174,117,2787,487,6786,790,1070,392,350,71,493,232,3070,691,50,619,95,0,0,12,9,1,3,109
桃園區,35～39歲,2,20055,52,57,1949,417,8809,583,1558,330,592,65,807,212,2887,558,38,795,116,0,0,172,46,12,6,109
桃園區,40～44歲,1,19301,196,97,2450,455,5523,417,2091,275,951,102,799,222,3820,529,15,1170,139,0,0,27,19,4,2,109
桃園區,40～44歲,2,22103,78,54,1869,369,6655,383,3450,287,1093,75,1250,167,4478,341,14,1167,128,0,0,149,76,20,4,109
桃園區,45～49歲,1,17245,137,93,2130,340,3842,187,2163,152,1534,68,1098,196,3510,341,12,1220,149,0,0,37,33,3,4,109
桃園區,45～49歲,2,19508,76,48,1480,248,4364,222,2989,143,1508,42,1617,157,4679,260,4,1282,167,0,0,141,57,24,12,109
桃園區,50～54歲,1,16751,163,79,1643,239,2848,145,1733,111,1775,96,1513,221,3984,298,10,1583,186,0,0,91,24,9,4,109
桃園區,50～54歲,2,18928,70,44,1058,184,3132,222,2025,144,1542,44,1932,242,5548,320,3,1910,191,0,0,249,55,13,8,109
桃園區,55～59歲,1,15169,141,46,1095,135,2475,132,1261,102,1862,86,1339,215,3138,300,7,2359,205,0,0,233,35,3,8,109
桃園區,55～59歲,2,17611,41,16,589,99,2199,185,1221,143,1363,49,1848,254,5111,297,1,2954,235,0,0,923,70,13,16,109
桃園區,60～64歲,1,12895,109,22,628,65,1925,111,883,65,1496,72,1300,165,2554,231,8,2315,181,2,1,718,36,8,6,109
桃園區,60～64歲,2,14964,16,5,243,38,1459,126,665,96,835,28,1328,164,3848,260,2,3157,253,1,0,2275,141,24,47,109
桃園區,65歲以上,1,25382,153,18,682,81,3653,160,1332,83,1804,58,2547,243,3601,231,3,3199,561,129,33,6321,366,124,177,109
桃園區,65歲以上,2,30480,19,1,164,24,1823,116,879,79,873,38,2128,201,3840,253,2,4467,565,136,37,13401,1099,335,1724,109
桃園區,15～19歲,1,12580,0,0,0,0,0,3343,0,45,0,2,116,4040,357,3451,115,122,842,0,0,8,139,0,0,110
桃園區,15～19歲,2,11821,0,0,0,0,0,3320,0,25,0,6,165,3792,210,2753,588,111,726,0,0,6,119,0,1,110
桃園區,20～24歲,1,15407,0,5,113,955,3459,7576,182,156,99,7,221,172,1411,774,65,140,48,0,0,4,19,1,0,110
桃園區,20～24歲,2,14510,0,3,88,609,4496,6753,103,85,430,12,216,136,898,356,133,126,50,0,0,4,12,0,0,110
桃園區,25～29歲,1,16052,4,63,1834,770,8049,2016,280,129,65,6,274,151,1411,686,49,224,28,0,0,5,5,3,0,110
桃園區,25～29歲,2,15335,2,26,1089,599,9752,1202,135,106,358,5,306,110,1028,357,56,154,34,0,0,6,10,0,0,110
桃園區,30～34歲,1,15597,63,85,2432,498,7411,1301,294,159,44,3,503,134,1558,730,25,288,55,0,0,7,7,0,1,110
桃園區,30～34歲,2,15774,21,36,1685,454,9274,805,290,118,272,8,542,134,1316,448,40,247,65,0,0,16,2,1,1,110
桃園區,35～39歲,1,17243,137,113,2782,468,6865,818,830,346,270,45,443,220,2528,723,53,501,88,0,0,10,3,0,3,110
桃園區,35～39歲,2,18584,43,51,1922,405,8685,559,1190,285,495,35,736,193,2387,564,51,690,109,0,0,136,42,6,4,110
桃園區,40～44歲,1,19241,211,104,2477,448,5813,503,1920,314,769,110,685,220,3865,544,18,1066,136,0,0,19,17,2,2,110
桃園區,40～44歲,2,22127,76,56,1946,343,7165,458,3218,313,974,101,1132,161,4323,367,13,1097,125,0,0,173,67,19,5,110
桃園區,45～49歲,1,17899,155,108,2277,353,4261,189,2253,170,1468,68,1084,197,3503,356,15,1203,155,0,0,43,36,5,3,110
桃園區,45～49歲,2,20137,71,61,1637,278,4772,217,3157,172,1491,42,1582,162,4586,268,7,1261,157,0,0,128,64,24,11,110
桃園區,50～54歲,1,16791,148,83,1749,256,2939,159,1843,126,1732,89,1437,221,3956,297,7,1489,166,0,0,66,23,5,5,110
桃園區,50～54歲,2,19072,78,41,1184,187,3360,216,2277,157,1563,37,1857,215,5390,297,4,1749,187,0,0,209,49,15,8,110
桃園區,55～59歲,1,15543,142,52,1240,154,2555,138,1359,97,1852,92,1380,213,3325,320,9,2163,209,0,0,207,31,5,7,110
桃園區,55～59歲,2,17904,51,20,666,118,2365,187,1336,139,1401,51,1864,255,5366,320,2,2758,222,0,0,712,61,10,16,110
桃園區,60～64歲,1,12970,122,21,666,69,1952,93,917,66,1551,76,1266,178,2644,235,8,2378,155,2,0,533,33,5,5,110
桃園區,60～64歲,2,15303,21,5,287,47,1517,136,736,108,898,32,1393,183,4121,262,1,3214,251,1,0,1954,115,21,36,110
桃園區,65歲以上,1,26823,161,19,739,79,3874,179,1456,92,2036,64,2741,274,3949,268,2,3482,584,124,33,6216,346,105,162,110
桃園區,65歲以上,2,32611,14,4,198,25,1989,125,968,90,1008,43,2310,227,4427,300,3,4988,607,134,38,13687,1111,315,1626,110
桃園區,15～19歲,1,12232,0,0,0,0,0,3043,0,54,0,0,119,4096,271,3382,128,131,840,0,0,4,164,0,1,111
桃園區,15～19歲,2,11273,0,0,0,0,0,3034,0,22,0,6,138,3733,169,2664,545,107,714,0,0,5,135,1,0,111
桃園區,20～24歲,1,14699,0,5,118,943,3301,7294,165,126,88,6,215,150,1314,758,55,101,42,0,0,4,14,0,0,111
桃園區,20～24歲,2,14026,0,1,94,623,4318,6565,76,72,417,9,232,138,832,354,148,102,33,0,0,3,9,0,0,111
桃園區,25～29歲,1,16388,5,59,1795,836,8292,2065,258,129,78,6,268,158,1445,695,50,213,26,0,0,3,4,3,0,111
桃園區,25～29歲,2,15765,6,23,1138,652,10064,1242,129,105,350,8,261,118,1031,373,69,165,19,0,0,7,5,0,0,111
桃園區,30～34歲,1,15939,59,71,2394,530,7749,1428,295,130,42,3,453,126,1576,700,29,289,50,0,0,9,6,0,1,111
桃園區,30～34歲,2,16029,16,43,1648,460,9677,874,254,101,276,6,521,110,1274,427,42,226,54,0,0,15,3,2,0,111
桃園區,35～39歲,1,16491,110,111,2809,464,6890,859,632,305,186,18,460,205,2120,764,48,410,84,0,0,10,6,0,2,111
桃園區,35～39歲,2,17489,43,42,1963,391,8617,543,869,245,427,16,684,180,2075,518,56,576,108,0,0,105,28,3,4,111
桃園區,40～44歲,1,19675,229,111,2664,460,6274,568,1781,360,680,124,584,227,3866,579,21,987,124,0,0,20,14,2,2,111
桃園區,40～44歲,2,22412,86,60,2007,397,7809,517,2986,344,869,106,1058,173,4092,425,12,1077,123,0,0,185,68,18,4,111
桃園區,45～49歲,1,18028,172,117,2369,381,4438,222,2205,186,1348,65,1041,215,3491,361,21,1187,141,0,0,37,26,5,4,111
桃園區,45～49歲,2,20630,78,56,1812,292,5136,236,3325,183,1400,43,1502,158,4536,267,9,1215,156,0,0,143,66,17,11,111
桃園區,50～54歲,1,16964,163,77,1890,259,3200,172,1953,134,1654,79,1341,202,3867,334,9,1391,155,0,0,54,27,3,6,111
桃園區,50～54歲,2,19476,79,49,1349,200,3686,219,2482,153,1577,35,1827,204,5273,280,5,1631,180,0,0,175,51,21,7,111
桃園區,55～59歲,1,15602,158,61,1338,174,2543,114,1431,92,1820,91,1401,209,3502,288,10,1971,203,0,0,164,28,4,3,111
桃園區,55～59歲,2,18031,59,22,756,129,2572,183,1484,140,1439,51,1869,248,5486,290,2,2489,195,0,0,556,55,6,14,111
桃園區,60～64歲,1,13433,127,23,781,78,2086,122,964,67,1655,85,1246,193,2689,238,6,2433,169,1,0,430,36,4,7,111
桃園區,60～64歲,2,15971,28,7,358,60,1671,143,808,116,991,37,1513,204,4386,296,1,3312,234,1,0,1683,102,20,28,111
桃園區,65歲以上,1,28367,183,19,850,86,4135,179,1625,99,2277,79,2897,288,4335,309,3,3761,600,123,34,6065,329,91,146,111
桃園區,65歲以上,2,34934,17,4,237,31,2245,149,1098,106,1157,52,2547,261,5129,342,3,5494,661,136,38,13803,1119,305,1520,111
桃園區,15～19歲,1,12224,0,0,0,0,0,3050,0,48,0,2,148,4118,245,3362,151,136,796,0,0,4,162,2,0,112
桃園區,15～19歲,2,11112,0,0,0,0,0,2934,0,18,0,10,123,3766,173,2518,548,107,745,0,0,2,164,4,0,112
桃園區,20～24歲,1,14439,0,9,147,1034,3351,6993,141,117,74,2,226,166,1228,747,52,80,50,0,0,5,17,0,0,112
桃園區,20～24歲,2,13847,0,7,112,657,4341,6309,67,57,401,8,269,151,792,391,142,88,42,0,0,2,11,0,0,112
桃園區,25～29歲,1,16267,6,58,1756,839,8170,2098,266,127,76,5,260,153,1495,674,52,196,21,0,0,5,5,5,0,112
桃園區,25～29歲,2,15511,4,23,1111,685,9854,1272,124,112,328,10,249,117,983,364,79,164,24,0,0,4,3,1,0,112
桃園區,30～34歲,1,16108,55,74,2348,529,7978,1567,282,121,51,6,403,134,1484,717,32,274,44,0,0,4,3,2,0,112
桃園區,30～34歲,2,16282,17,38,1643,450,10021,953,227,87,311,8,477,109,1236,399,44,198,44,0,0,15,3,2,0,112
桃園區,35～39歲,1,16374,101,117,2903,452,7251,924,486,262,128,9,477,161,1875,746,47,347,75,0,0,6,7,0,0,112
桃園區,35～39歲,2,17214,41,50,2015,431,9004,608,641,217,351,8,646,161,1783,490,61,491,103,0,0,82,25,6,1,112
桃園區,40～44歲,1,19949,231,117,2870,496,6678,666,1566,392,567,109,543,248,3789,637,27,856,119,0,0,23,14,1,4,112
桃園區,40～44歲,2,22511,84,49,2159,401,8485,560,2623,349,800,98,991,197,3797,481,17,1021,120,0,0,194,69,16,6,112
桃園區,45～49歲,1,18655,207,105,2496,399,4855,272,2210,225,1247,73,977,212,3556,392,17,1205,138,0,0,36,28,5,4,112
桃園區,45～49歲,2,21477,90,62,1897,343,5745,288,3487,214,1292,61,1449,160,4508,288,10,1195,156,0,0,146,67,19,11,112
桃園區,50～54歲,1,17300,152,82,2030,311,3518,174,2107,128,1609,75,1280,208,3732,347,14,1306,159,0,0,45,21,2,6,112
桃園區,50～54歲,2,19674,75,57,1510,210,3882,215,2613,163,1627,35,1805,179,5125,270,3,1498,175,0,0,154,59,19,7,112
桃園區,55～59歲,1,15796,169,67,1473,198,2588,120,1515,95,1822,90,1396,192,3626,285,8,1792,194,0,0,131,29,6,2,112
桃園區,55～59歲,2,18335,69,24,909,142,2788,204,1659,145,1445,50,1838,250,5552,297,3,2279,182,0,0,441,48,10,10,112
桃園區,60～64歲,1,14106,147,31,897,90,2266,127,1048,82,1695,75,1320,207,2856,250,11,2440,179,1,0,340,41,3,8,112
桃園區,60～64歲,2,16646,34,10,434,70,1919,158,984,121,1132,36,1654,200,4599,304,2,3250,229,0,0,1408,83,19,26,112
桃園區,65歲以上,1,30513,223,22,1032,94,4554,205,1815,112,2603,105,3075,312,4790,347,4,4154,596,116,33,5922,311,88,132,112
桃園區,65歲以上,2,38071,23,3,325,36,2655,185,1241,127,1339,61,2862,299,6044,394,2,6236,711,132,38,13949,1112,297,1395,112
桃園區,15～19歲,1,12093,0,0,0,0,0,3049,0,38,0,18,161,4019,229,3320,145,107,949,0,0,1,52,5,0,113
桃園區,15～19歲,2,11011,0,0,0,0,0,2769,0,8,0,113,134,3854,164,2483,456,81,894,0,0,2,47,6,0,113
桃園區,20～24歲,1,13885,0,8,177,1062,3229,6686,132,88,69,8,215,155,1125,735,44,76,54,0,0,3,19,0,0,113
桃園區,20～24歲,2,13306,0,4,116,716,4263,5978,55,39,370,12,238,142,708,379,136,83,49,0,0,2,16,0,0,113
桃園區,25～29歲,1,16043,14,54,1787,867,7984,2062,235,131,68,6,217,143,1505,716,48,166,26,0,0,3,7,4,0,113
桃園區,25～29歲,2,15326,5,28,1100,731,9749,1253,127,105,311,9,231,111,950,343,84,152,28,0,0,3,5,1,0,113
桃園區,30～34歲,1,16431,49,76,2362,545,8272,1706,317,108,61,7,361,143,1439,667,38,238,31,0,0,7,1,3,0,113
桃園區,30～34歲,2,16688,17,42,1702,447,10367,1035,207,80,348,5,441,117,1216,386,48,192,25,0,0,9,3,1,0,113
桃園區,35～39歲,1,16165,93,102,2836,460,7506,1012,395,200,84,9,481,132,1679,731,33,323,75,0,0,6,8,0,0,113
桃園區,35～39歲,2,16917,43,48,2040,468,9248,639,506,180,293,10,634,146,1550,479,58,400,97,0,0,57,13,7,1,113
桃園區,40～44歲,1,19690,229,121,3068,524,6964,686,1331,419,469,87,484,241,3498,673,35,711,110,0,0,23,12,1,4,113
桃園區,40～44歲,2,21949,80,47,2195,391,8984,607,2124,362,718,84,898,198,3398,532,32,902,121,0,0,196,59,15,6,113
桃園區,45～49歲,1,19364,225,115,2648,429,5348,338,2246,259,1081,86,872,221,3657,449,15,1191,125,0,0,29,23,4,3,113
桃園區,45～49歲,2,22267,96,61,2034,346,6325,330,3592,249,1222,68,1382,153,4531,311,12,1163,144,0,0,151,72,18,7,113
桃園區,50～54歲,1,17371,148,91,2146,326,3757,178,2108,129,1586,76,1237,212,3563,324,16,1243,154,0,0,43,27,2,5,113
桃園區,50～54歲,2,19819,80,54,1618,214,4169,229,2803,151,1590,40,1732,174,4895,261,3,1398,173,0,0,138,68,20,9,113
桃園區,55～59歲,1,16125,178,66,1565,206,2723,133,1632,94,1775,86,1432,189,3783,287,9,1640,181,0,0,111,27,5,3,113
桃園區,55～59歲,2,18667,77,36,1047,154,2987,213,1830,141,1487,39,1869,242,5561,303,3,2090,189,0,0,335,43,12,9,113
桃園區,60～64歲,1,14448,158,37,1027,107,2398,120,1158,85,1767,79,1329,199,2944,246,10,2293,186,1,0,259,33,3,9,113
桃園區,60～64歲,2,17281,37,10,553,72,2129,175,1138,128,1238,42,1754,219,4881,298,1,3137,229,0,0,1129,76,17,18,113
桃園區,65歲以上,1,32601,257,24,1198,114,4936,229,1944,127,2866,116,3241,339,5270,407,7,4555,611,111,30,5732,299,81,107,113
桃園區,65歲以上,2,42151,32,5,385,52,3020,220,1401,158,1522,63,3135,332,6884,456,3,6876,747,131,36,14006,1097,281,1309,113
